ДМИТРИЙ,М
ЕВА,Ж
ТАТЬЯНА,Ж
ЕКАТЕРИНА,Ж
ДАВИД,М
ДЕМИД,М
ВИКТОРИЯ,Ж
ВАРВАРА,Ж
ПЕЛАГЕЯ,Ж
ВАСИЛИСА,Ж
АННА,Ж
СЕРГЕЙ,М
ИГОРЬ,М
ВЛАДИМИР,М
ЕЛИЗАВЕТА,Ж
АЛЕКСЕЙ,М
КСЕНИЯ,Ж
САФИЯ,Ж
ИВАН,М
МАЙЯ,Ж
ЕВГЕНИЯ,Ж
АРСЕНИЙ,М
КИРА,Ж
АРИНА,Ж
МИРОСЛАВА,Ж
АЛИНА,Ж
ГЕОРГИЙ,М
АРТЕМИЙ,М
ПОЛИНА,Ж
АГАТА,Ж
САВЕЛИЙ,М
АЛИСА,Ж
ИЛЬЯ,Ж
ВИКТОР,М
МАРИЯ,Ж
АЛЕКСАНДР,М
ЮЛИЯ,Ж
АЛИЯ,Ж
ЗЛАТА,Ж
СОФИЯ,Ж
КИРИЛЛ,М
МАРИНА,Ж
ПЁТР,М
МАКАР,М
ЭМИЛИЯ,Ж
АЛЕКСАНДРА,Ж
АГЛАЯ,Ж
АНДРЕЙ,М
ДИАНА,Ж
ПАВЕЛ,М
ГЕРМАН,М
РОБЕРТ,М
РОДИОН,М
РОМАН,М
ГРИГОРИЙ,М
ДАРЬЯ,Ж
ГЛЕБ,М
МАКСИМ,М
БОГДАН,М
ДАНИИЛ,М
ИРИНА,Ж
МИХАИЛ,М
ЕЛИСЕЙ,М
ВЛАДИСЛАВА,Ж
ЕЛЕНА,Ж
ЛИЛИЯ,Ж
КРИСТИНА,Ж
НИКОЛАЙ,М
ФИЛИПП,М
ВЛАДИСЛАВ,М
СЕМЁН,М
ВЕРОНИКА,Ж
ВЕРА,Ж
САВВА,Ж
АНАСТАСИЯ,Ж
МИЛАНА,Ж
ДАМИР,М
АРИАНА,Ж
МАРГАРИТА,Ж
НАТАЛЬЯ,Ж
МАРК,М
ПЛАТОН,М
АМЕЛИЯ,Ж
АНГЕЛИНА,Ж
РУСЛАН,М
ЭМИР,М
АРТЁМ,М
МАТВЕЙ,М
НИКИТА,Ж
СОФЬЯ,Ж
ЕВГЕНИЙ,М
МИРОН,М
СВЯТОСЛАВ,М
ЕСЕНИЯ,Ж
КОНСТАНТИН,М
ФЁДОР,М
ЯРОСЛАВ,М
АМИНА,Ж
ЮРИЙ,М
ИБРАГИМ,М
